id,language,name,description
skips_5,en,5 extra skips,Get 5 single-use level skips. Used after your free skips run out. No expiry. Skipped levels remain available to solve later.
unlock_world_01,en,Unlock: Jungle Meadow,Permanently unlock every level in Jungle Meadow. Play in any order. Levels are not marked as completed.
unlock_world_02,en,Unlock: Waterfall Cliffs,Permanently unlock every level in Waterfall Cliffs. Play in any order. Levels are not marked as completed.
unlock_world_03,en,Unlock: Desert Temple,Permanently unlock every level in Desert Temple. Play in any order. Levels are not marked as completed.
unlock_world_04,en,Unlock: Frozen Portals,Permanently unlock every level in Frozen Portals. Play in any order. Levels are not marked as completed.
unlock_world_05,en,Unlock: Old Pipeworks,Permanently unlock every level in Old Pipeworks. Play in any order. Levels are not marked as completed.
unlock_world_06,en,Unlock: Deep Quarry,Permanently unlock every level in Deep Quarry. Play in any order. Levels are not marked as completed.
unlock_world_07,en,Unlock: Volcano,Permanently unlock every level in Volcano. Play in any order. Levels are not marked as completed.
unlock_world_08,en,Unlock: Acid Swamp,Permanently unlock every level in Acid Swamp. Play in any order. Levels are not marked as completed.
unlock_world_09,en,Unlock: Sky Isles,Permanently unlock every level in Sky Isles. Play in any order. Levels are not marked as completed.
unlock_world_10,en,Unlock: Crystal Caves,Permanently unlock every level in Crystal Caves. Play in any order. Levels are not marked as completed.
unlock_world_11,en,Unlock: Nexus,Permanently unlock every level in Nexus. Play in any order. Levels are not marked as completed.
unlock_all_levels,en,Unlock all levels,Permanently unlock all current and future campaign levels. Play any world in any order. Levels are not marked as completed.
skips_5,es,5 saltos extra,Obtén 5 saltos de nivel de un solo uso. Se usan al agotar los saltos gratis. No caducan. Puedes resolver los niveles omitidos más tarde.
unlock_world_01,es,Desbloquear: Pradera de la jungla,Desbloquea para siempre todos los niveles de Pradera de la jungla. Juega en cualquier orden. Los niveles no se marcan como completados.
unlock_world_02,es,Desbloquear: Acantilados de cascadas,Desbloquea para siempre todos los niveles de Acantilados de cascadas. Juega en cualquier orden. Los niveles no se marcan como completados.
unlock_world_03,es,Desbloquear: Templo del desierto,Desbloquea para siempre todos los niveles de Templo del desierto. Juega en cualquier orden. Los niveles no se marcan como completados.
unlock_world_04,es,Desbloquear: Portales helados,Desbloquea para siempre todos los niveles de Portales helados. Juega en cualquier orden. Los niveles no se marcan como completados.
unlock_world_05,es,Desbloquear: Tuberías antiguas,Desbloquea para siempre todos los niveles de Tuberías antiguas. Juega en cualquier orden. Los niveles no se marcan como completados.
unlock_world_06,es,Desbloquear: Cantera profunda,Desbloquea para siempre todos los niveles de Cantera profunda. Juega en cualquier orden. Los niveles no se marcan como completados.
unlock_world_07,es,Desbloquear: Volcán,Desbloquea para siempre todos los niveles de Volcán. Juega en cualquier orden. Los niveles no se marcan como completados.
unlock_world_08,es,Desbloquear: Pantano ácido,Desbloquea para siempre todos los niveles de Pantano ácido. Juega en cualquier orden. Los niveles no se marcan como completados.
unlock_world_09,es,Desbloquear: Islas del cielo,Desbloquea para siempre todos los niveles de Islas del cielo. Juega en cualquier orden. Los niveles no se marcan como completados.
unlock_world_10,es,Desbloquear: Cuevas de cristal,Desbloquea para siempre todos los niveles de Cuevas de cristal. Juega en cualquier orden. Los niveles no se marcan como completados.
unlock_world_11,es,Desbloquear: Nexo,Desbloquea para siempre todos los niveles de Nexo. Juega en cualquier orden. Los niveles no se marcan como completados.
unlock_all_levels,es,Desbloquear todos los niveles,Desbloquea para siempre todos los niveles actuales y futuros de la campaña. Juega en cualquier mundo y orden. Los niveles no se marcan como completados.
skips_5,pt_BR,5 pulos extras,Receba 5 pulos de fase de uso único. São usados após os pulos grátis acabarem. Não expiram. Você pode resolver as fases puladas depois.
unlock_world_01,pt_BR,Desbloquear: Clareira da selva,Desbloqueie permanentemente todas as fases de Clareira da selva. Jogue em qualquer ordem. As fases não são marcadas como concluídas.
unlock_world_02,pt_BR,Desbloquear: Penhascos das cachoeiras,Desbloqueie permanentemente todas as fases de Penhascos das cachoeiras. Jogue em qualquer ordem. As fases não são marcadas como concluídas.
unlock_world_03,pt_BR,Desbloquear: Templo do deserto,Desbloqueie permanentemente todas as fases de Templo do deserto. Jogue em qualquer ordem. As fases não são marcadas como concluídas.
unlock_world_04,pt_BR,Desbloquear: Portais congelados,Desbloqueie permanentemente todas as fases de Portais congelados. Jogue em qualquer ordem. As fases não são marcadas como concluídas.
unlock_world_05,pt_BR,Desbloquear: Tubulações antigas,Desbloqueie permanentemente todas as fases de Tubulações antigas. Jogue em qualquer ordem. As fases não são marcadas como concluídas.
unlock_world_06,pt_BR,Desbloquear: Pedreira profunda,Desbloqueie permanentemente todas as fases de Pedreira profunda. Jogue em qualquer ordem. As fases não são marcadas como concluídas.
unlock_world_07,pt_BR,Desbloquear: Vulcão,Desbloqueie permanentemente todas as fases de Vulcão. Jogue em qualquer ordem. As fases não são marcadas como concluídas.
unlock_world_08,pt_BR,Desbloquear: Pântano ácido,Desbloqueie permanentemente todas as fases de Pântano ácido. Jogue em qualquer ordem. As fases não são marcadas como concluídas.
unlock_world_09,pt_BR,Desbloquear: Ilhas do céu,Desbloqueie permanentemente todas as fases de Ilhas do céu. Jogue em qualquer ordem. As fases não são marcadas como concluídas.
unlock_world_10,pt_BR,Desbloquear: Cavernas de cristal,Desbloqueie permanentemente todas as fases de Cavernas de cristal. Jogue em qualquer ordem. As fases não são marcadas como concluídas.
unlock_world_11,pt_BR,Desbloquear: Nexo,Desbloqueie permanentemente todas as fases de Nexo. Jogue em qualquer ordem. As fases não são marcadas como concluídas.
unlock_all_levels,pt_BR,Desbloquear todas as fases,Desbloqueie permanentemente todas as fases atuais e futuras da campanha. Jogue em qualquer mundo e ordem. As fases não são marcadas como concluídas.
skips_5,fr,5 passages de niveau,"Obtenez 5 passages de niveau à usage unique, utilisés après vos passages gratuits. Sans expiration. Les niveaux passés restent accessibles pour les résoudre plus tard."
unlock_world_01,fr,Débloquer : Clairière de la jungle,Débloquez définitivement tous les niveaux du monde « Clairière de la jungle ». Jouez dans l’ordre de votre choix. Les niveaux ne sont pas marqués comme terminés.
unlock_world_02,fr,Débloquer : Falaises aux cascades,Débloquez définitivement tous les niveaux du monde « Falaises aux cascades ». Jouez dans l’ordre de votre choix. Les niveaux ne sont pas marqués comme terminés.
unlock_world_03,fr,Débloquer : Temple du désert,Débloquez définitivement tous les niveaux du monde « Temple du désert ». Jouez dans l’ordre de votre choix. Les niveaux ne sont pas marqués comme terminés.
unlock_world_04,fr,Débloquer : Portails gelés,Débloquez définitivement tous les niveaux du monde « Portails gelés ». Jouez dans l’ordre de votre choix. Les niveaux ne sont pas marqués comme terminés.
unlock_world_05,fr,Débloquer : Anciennes canalisations,Débloquez définitivement tous les niveaux du monde « Anciennes canalisations ». Jouez dans l’ordre de votre choix. Les niveaux ne sont pas marqués comme terminés.
unlock_world_06,fr,Débloquer : Carrière profonde,Débloquez définitivement tous les niveaux du monde « Carrière profonde ». Jouez dans l’ordre de votre choix. Les niveaux ne sont pas marqués comme terminés.
unlock_world_07,fr,Débloquer : Volcan,Débloquez définitivement tous les niveaux du monde « Volcan ». Jouez dans l’ordre de votre choix. Les niveaux ne sont pas marqués comme terminés.
unlock_world_08,fr,Débloquer : Marais acide,Débloquez définitivement tous les niveaux du monde « Marais acide ». Jouez dans l’ordre de votre choix. Les niveaux ne sont pas marqués comme terminés.
unlock_world_09,fr,Débloquer : Îles célestes,Débloquez définitivement tous les niveaux du monde « Îles célestes ». Jouez dans l’ordre de votre choix. Les niveaux ne sont pas marqués comme terminés.
unlock_world_10,fr,Débloquer : Grottes de cristal,Débloquez définitivement tous les niveaux du monde « Grottes de cristal ». Jouez dans l’ordre de votre choix. Les niveaux ne sont pas marqués comme terminés.
unlock_world_11,fr,Débloquer : Nexus,Débloquez définitivement tous les niveaux du monde « Nexus ». Jouez dans l’ordre de votre choix. Les niveaux ne sont pas marqués comme terminés.
unlock_all_levels,fr,Débloquer tous les niveaux,"Débloquez définitivement tous les niveaux actuels et futurs de la campagne. Jouez dans l’ordre de votre choix, dans tous les mondes. Les niveaux ne sont pas marqués comme terminés."
skips_5,de,5 zusätzliche Level-Sprünge,"Überspringe 5 Level, sobald deine kostenlosen Sprünge aufgebraucht sind. Jeder Sprung ist einmal nutzbar und verfällt nicht. Übersprungene Level kannst du später lösen."
unlock_world_01,de,Freischalten: Dschungelwiese,Schalte alle Level der Welt „Dschungelwiese“ dauerhaft frei. Spiele in beliebiger Reihenfolge. Die Level werden nicht als abgeschlossen markiert.
unlock_world_02,de,Freischalten: Wasserfallklippen,Schalte alle Level der Welt „Wasserfallklippen“ dauerhaft frei. Spiele in beliebiger Reihenfolge. Die Level werden nicht als abgeschlossen markiert.
unlock_world_03,de,Freischalten: Wüstentempel,Schalte alle Level der Welt „Wüstentempel“ dauerhaft frei. Spiele in beliebiger Reihenfolge. Die Level werden nicht als abgeschlossen markiert.
unlock_world_04,de,Freischalten: Gefrorene Portale,Schalte alle Level der Welt „Gefrorene Portale“ dauerhaft frei. Spiele in beliebiger Reihenfolge. Die Level werden nicht als abgeschlossen markiert.
unlock_world_05,de,Freischalten: Altes Rohrwerk,Schalte alle Level der Welt „Altes Rohrwerk“ dauerhaft frei. Spiele in beliebiger Reihenfolge. Die Level werden nicht als abgeschlossen markiert.
unlock_world_06,de,Freischalten: Tiefer Steinbruch,Schalte alle Level der Welt „Tiefer Steinbruch“ dauerhaft frei. Spiele in beliebiger Reihenfolge. Die Level werden nicht als abgeschlossen markiert.
unlock_world_07,de,Freischalten: Vulkan,Schalte alle Level der Welt „Vulkan“ dauerhaft frei. Spiele in beliebiger Reihenfolge. Die Level werden nicht als abgeschlossen markiert.
unlock_world_08,de,Freischalten: Säuresumpf,Schalte alle Level der Welt „Säuresumpf“ dauerhaft frei. Spiele in beliebiger Reihenfolge. Die Level werden nicht als abgeschlossen markiert.
unlock_world_09,de,Freischalten: Himmelsinseln,Schalte alle Level der Welt „Himmelsinseln“ dauerhaft frei. Spiele in beliebiger Reihenfolge. Die Level werden nicht als abgeschlossen markiert.
unlock_world_10,de,Freischalten: Kristallhöhlen,Schalte alle Level der Welt „Kristallhöhlen“ dauerhaft frei. Spiele in beliebiger Reihenfolge. Die Level werden nicht als abgeschlossen markiert.
unlock_world_11,de,Freischalten: Nexus,Schalte alle Level der Welt „Nexus“ dauerhaft frei. Spiele in beliebiger Reihenfolge. Die Level werden nicht als abgeschlossen markiert.
unlock_all_levels,de,Alle Level freischalten,Schalte alle aktuellen und zukünftigen Kampagnenlevel dauerhaft frei. Spiele jede Welt in beliebiger Reihenfolge. Die Level werden nicht als abgeschlossen markiert.
skips_5,ru,5 дополнительных пропусков,Получите 5 одноразовых пропусков уровней. Они расходуются после бесплатных и не сгорают. Пропущенные уровни можно пройти позже.
unlock_world_01,ru,Открыть мир «Лесная поляна»,Навсегда откройте все уровни мира «Лесная поляна». Играйте в любом порядке. Покупка не отмечает уровни как пройденные.
unlock_world_02,ru,Открыть мир «Водопадные скалы»,Навсегда откройте все уровни мира «Водопадные скалы». Играйте в любом порядке. Покупка не отмечает уровни как пройденные.
unlock_world_03,ru,Открыть мир «Храм пустыни»,Навсегда откройте все уровни мира «Храм пустыни». Играйте в любом порядке. Покупка не отмечает уровни как пройденные.
unlock_world_04,ru,Открыть мир «Ледяные порталы»,Навсегда откройте все уровни мира «Ледяные порталы». Играйте в любом порядке. Покупка не отмечает уровни как пройденные.
unlock_world_05,ru,Открыть мир «Старые трубы»,Навсегда откройте все уровни мира «Старые трубы». Играйте в любом порядке. Покупка не отмечает уровни как пройденные.
unlock_world_06,ru,Открыть мир «Глубокий карьер»,Навсегда откройте все уровни мира «Глубокий карьер». Играйте в любом порядке. Покупка не отмечает уровни как пройденные.
unlock_world_07,ru,Открыть мир «Вулкан»,Навсегда откройте все уровни мира «Вулкан». Играйте в любом порядке. Покупка не отмечает уровни как пройденные.
unlock_world_08,ru,Открыть мир «Кислотное болото»,Навсегда откройте все уровни мира «Кислотное болото». Играйте в любом порядке. Покупка не отмечает уровни как пройденные.
unlock_world_09,ru,Открыть мир «Небесные острова»,Навсегда откройте все уровни мира «Небесные острова». Играйте в любом порядке. Покупка не отмечает уровни как пройденные.
unlock_world_10,ru,Открыть мир «Кристальные пещеры»,Навсегда откройте все уровни мира «Кристальные пещеры». Играйте в любом порядке. Покупка не отмечает уровни как пройденные.
unlock_world_11,ru,Открыть мир «Нексус»,Навсегда откройте все уровни мира «Нексус». Играйте в любом порядке. Покупка не отмечает уровни как пройденные.
unlock_all_levels,ru,Открыть все уровни,Навсегда откройте все нынешние и будущие уровни кампании. Играйте в любом мире и порядке. Покупка не отмечает уровни как пройденные.
skips_5,tr,5 ek bölüm atlama hakkı,Ücretsiz hakların bittiğinde kullanılacak 5 tek kullanımlık bölüm atlama hakkı kazan. Süre sınırı yoktur. Atlanan bölümleri daha sonra çözebilirsin.
unlock_world_01,tr,Dünyayı aç: Orman Çayırı,Orman Çayırı dünyasındaki tüm bölümleri kalıcı olarak aç. İstediğin sırayla oyna. Bölümler tamamlanmış sayılmaz.
unlock_world_02,tr,Dünyayı aç: Şelale Kayalıkları,Şelale Kayalıkları dünyasındaki tüm bölümleri kalıcı olarak aç. İstediğin sırayla oyna. Bölümler tamamlanmış sayılmaz.
unlock_world_03,tr,Dünyayı aç: Çöl Tapınağı,Çöl Tapınağı dünyasındaki tüm bölümleri kalıcı olarak aç. İstediğin sırayla oyna. Bölümler tamamlanmış sayılmaz.
unlock_world_04,tr,Dünyayı aç: Donmuş Geçitler,Donmuş Geçitler dünyasındaki tüm bölümleri kalıcı olarak aç. İstediğin sırayla oyna. Bölümler tamamlanmış sayılmaz.
unlock_world_05,tr,Dünyayı aç: Eski Boru Şebekesi,Eski Boru Şebekesi dünyasındaki tüm bölümleri kalıcı olarak aç. İstediğin sırayla oyna. Bölümler tamamlanmış sayılmaz.
unlock_world_06,tr,Dünyayı aç: Derin Taş Ocağı,Derin Taş Ocağı dünyasındaki tüm bölümleri kalıcı olarak aç. İstediğin sırayla oyna. Bölümler tamamlanmış sayılmaz.
unlock_world_07,tr,Dünyayı aç: Yanardağ,Yanardağ dünyasındaki tüm bölümleri kalıcı olarak aç. İstediğin sırayla oyna. Bölümler tamamlanmış sayılmaz.
unlock_world_08,tr,Dünyayı aç: Asit Bataklığı,Asit Bataklığı dünyasındaki tüm bölümleri kalıcı olarak aç. İstediğin sırayla oyna. Bölümler tamamlanmış sayılmaz.
unlock_world_09,tr,Dünyayı aç: Gökyüzü Adaları,Gökyüzü Adaları dünyasındaki tüm bölümleri kalıcı olarak aç. İstediğin sırayla oyna. Bölümler tamamlanmış sayılmaz.
unlock_world_10,tr,Dünyayı aç: Kristal Mağaraları,Kristal Mağaraları dünyasındaki tüm bölümleri kalıcı olarak aç. İstediğin sırayla oyna. Bölümler tamamlanmış sayılmaz.
unlock_world_11,tr,Dünyayı aç: Kavşak,Kavşak dünyasındaki tüm bölümleri kalıcı olarak aç. İstediğin sırayla oyna. Bölümler tamamlanmış sayılmaz.
unlock_all_levels,tr,Tüm bölümleri aç,Şimdiki ve gelecekteki tüm ana oyun bölümlerini kalıcı olarak aç. Her dünyayı istediğin sırayla oyna. Bölümler tamamlanmış sayılmaz.
