id;price;title_en;description_en;title_ru;description_ru;title_de;description_de;title_es;description_es;title_fr;description_fr;title_pt_BR;description_pt_BR;title_tr;description_tr
skips_5;50;5 extra skips;Get 5 single-use level skips. Used after your free skips run out. No expiry. Skipped levels remain available to solve later.;5 дополнительных пропусков;Получите 5 одноразовых пропусков уровней. Они расходуются после бесплатных и не сгорают. Пропущенные уровни можно пройти позже.;5 zusätzliche Level-Sprünge;Überspringe 5 Level, sobald deine kostenlosen Sprünge aufgebraucht sind. Jeder Sprung ist einmal nutzbar und verfällt nicht. Übersprungene Level kannst du später lösen.;5 saltos extra;Obtén 5 saltos de nivel de un solo uso. Se usan al agotar los saltos gratis. No caducan. Puedes resolver los niveles omitidos más tarde.;5 passages de niveau;Obtenez 5 passages de niveau à usage unique, utilisés après vos passages gratuits. Sans expiration. Les niveaux passés restent accessibles pour les résoudre plus tard.;5 pulos extras;Receba 5 pulos de fase de uso único. São usados após os pulos grátis acabarem. Não expiram. Você pode resolver as fases puladas depois.;5 ek bölüm atlama hakkı;Ücretsiz hakların bittiğinde kullanılacak 5 tek kullanımlık bölüm atlama hakkı kazan. Süre sınırı yoktur. Atlanan bölümleri daha sonra çözebilirsin.
unlock_world_01;100;Unlock: Jungle Meadow;Permanently unlock every level in Jungle Meadow. Play in any order. Levels are not marked as completed.;Открыть мир «Лесная поляна»;Навсегда откройте все уровни мира «Лесная поляна». Играйте в любом порядке. Покупка не отмечает уровни как пройденные.;Freischalten: Dschungelwiese;Schalte alle Level der Welt „Dschungelwiese“ dauerhaft frei. Spiele in beliebiger Reihenfolge. Die Level werden nicht als abgeschlossen markiert.;Desbloquear: Pradera de la jungla;Desbloquea para siempre todos los niveles de Pradera de la jungla. Juega en cualquier orden. Los niveles no se marcan como completados.;Débloquer : Clairière de la jungle;Débloquez définitivement tous les niveaux du monde « Clairière de la jungle ». Jouez dans l’ordre de votre choix. Les niveaux ne sont pas marqués comme terminés.;Desbloquear: Clareira da selva;Desbloqueie permanentemente todas as fases de Clareira da selva. Jogue em qualquer ordem. As fases não são marcadas como concluídas.;Dünyayı aç: Orman Çayırı;Orman Çayırı dünyasındaki tüm bölümleri kalıcı olarak aç. İstediğin sırayla oyna. Bölümler tamamlanmış sayılmaz.
unlock_world_02;100;Unlock: Waterfall Cliffs;Permanently unlock every level in Waterfall Cliffs. Play in any order. Levels are not marked as completed.;Открыть мир «Водопадные скалы»;Навсегда откройте все уровни мира «Водопадные скалы». Играйте в любом порядке. Покупка не отмечает уровни как пройденные.;Freischalten: Wasserfallklippen;Schalte alle Level der Welt „Wasserfallklippen“ dauerhaft frei. Spiele in beliebiger Reihenfolge. Die Level werden nicht als abgeschlossen markiert.;Desbloquear: Acantilados de cascadas;Desbloquea para siempre todos los niveles de Acantilados de cascadas. Juega en cualquier orden. Los niveles no se marcan como completados.;Débloquer : Falaises aux cascades;Débloquez définitivement tous les niveaux du monde « Falaises aux cascades ». Jouez dans l’ordre de votre choix. Les niveaux ne sont pas marqués comme terminés.;Desbloquear: Penhascos das cachoeiras;Desbloqueie permanentemente todas as fases de Penhascos das cachoeiras. Jogue em qualquer ordem. As fases não são marcadas como concluídas.;Dünyayı aç: Şelale Kayalıkları;Şelale Kayalıkları dünyasındaki tüm bölümleri kalıcı olarak aç. İstediğin sırayla oyna. Bölümler tamamlanmış sayılmaz.
unlock_world_03;100;Unlock: Desert Temple;Permanently unlock every level in Desert Temple. Play in any order. Levels are not marked as completed.;Открыть мир «Храм пустыни»;Навсегда откройте все уровни мира «Храм пустыни». Играйте в любом порядке. Покупка не отмечает уровни как пройденные.;Freischalten: Wüstentempel;Schalte alle Level der Welt „Wüstentempel“ dauerhaft frei. Spiele in beliebiger Reihenfolge. Die Level werden nicht als abgeschlossen markiert.;Desbloquear: Templo del desierto;Desbloquea para siempre todos los niveles de Templo del desierto. Juega en cualquier orden. Los niveles no se marcan como completados.;Débloquer : Temple du désert;Débloquez définitivement tous les niveaux du monde « Temple du désert ». Jouez dans l’ordre de votre choix. Les niveaux ne sont pas marqués comme terminés.;Desbloquear: Templo do deserto;Desbloqueie permanentemente todas as fases de Templo do deserto. Jogue em qualquer ordem. As fases não são marcadas como concluídas.;Dünyayı aç: Çöl Tapınağı;Çöl Tapınağı dünyasındaki tüm bölümleri kalıcı olarak aç. İstediğin sırayla oyna. Bölümler tamamlanmış sayılmaz.
unlock_world_04;100;Unlock: Frozen Portals;Permanently unlock every level in Frozen Portals. Play in any order. Levels are not marked as completed.;Открыть мир «Ледяные порталы»;Навсегда откройте все уровни мира «Ледяные порталы». Играйте в любом порядке. Покупка не отмечает уровни как пройденные.;Freischalten: Gefrorene Portale;Schalte alle Level der Welt „Gefrorene Portale“ dauerhaft frei. Spiele in beliebiger Reihenfolge. Die Level werden nicht als abgeschlossen markiert.;Desbloquear: Portales helados;Desbloquea para siempre todos los niveles de Portales helados. Juega en cualquier orden. Los niveles no se marcan como completados.;Débloquer : Portails gelés;Débloquez définitivement tous les niveaux du monde « Portails gelés ». Jouez dans l’ordre de votre choix. Les niveaux ne sont pas marqués comme terminés.;Desbloquear: Portais congelados;Desbloqueie permanentemente todas as fases de Portais congelados. Jogue em qualquer ordem. As fases não são marcadas como concluídas.;Dünyayı aç: Donmuş Geçitler;Donmuş Geçitler dünyasındaki tüm bölümleri kalıcı olarak aç. İstediğin sırayla oyna. Bölümler tamamlanmış sayılmaz.
unlock_world_05;100;Unlock: Old Pipeworks;Permanently unlock every level in Old Pipeworks. Play in any order. Levels are not marked as completed.;Открыть мир «Старые трубы»;Навсегда откройте все уровни мира «Старые трубы». Играйте в любом порядке. Покупка не отмечает уровни как пройденные.;Freischalten: Altes Rohrwerk;Schalte alle Level der Welt „Altes Rohrwerk“ dauerhaft frei. Spiele in beliebiger Reihenfolge. Die Level werden nicht als abgeschlossen markiert.;Desbloquear: Tuberías antiguas;Desbloquea para siempre todos los niveles de Tuberías antiguas. Juega en cualquier orden. Los niveles no se marcan como completados.;Débloquer : Anciennes canalisations;Débloquez définitivement tous les niveaux du monde « Anciennes canalisations ». Jouez dans l’ordre de votre choix. Les niveaux ne sont pas marqués comme terminés.;Desbloquear: Tubulações antigas;Desbloqueie permanentemente todas as fases de Tubulações antigas. Jogue em qualquer ordem. As fases não são marcadas como concluídas.;Dünyayı aç: Eski Boru Şebekesi;Eski Boru Şebekesi dünyasındaki tüm bölümleri kalıcı olarak aç. İstediğin sırayla oyna. Bölümler tamamlanmış sayılmaz.
unlock_world_06;100;Unlock: Deep Quarry;Permanently unlock every level in Deep Quarry. Play in any order. Levels are not marked as completed.;Открыть мир «Глубокий карьер»;Навсегда откройте все уровни мира «Глубокий карьер». Играйте в любом порядке. Покупка не отмечает уровни как пройденные.;Freischalten: Tiefer Steinbruch;Schalte alle Level der Welt „Tiefer Steinbruch“ dauerhaft frei. Spiele in beliebiger Reihenfolge. Die Level werden nicht als abgeschlossen markiert.;Desbloquear: Cantera profunda;Desbloquea para siempre todos los niveles de Cantera profunda. Juega en cualquier orden. Los niveles no se marcan como completados.;Débloquer : Carrière profonde;Débloquez définitivement tous les niveaux du monde « Carrière profonde ». Jouez dans l’ordre de votre choix. Les niveaux ne sont pas marqués comme terminés.;Desbloquear: Pedreira profunda;Desbloqueie permanentemente todas as fases de Pedreira profunda. Jogue em qualquer ordem. As fases não são marcadas como concluídas.;Dünyayı aç: Derin Taş Ocağı;Derin Taş Ocağı dünyasındaki tüm bölümleri kalıcı olarak aç. İstediğin sırayla oyna. Bölümler tamamlanmış sayılmaz.
unlock_world_07;100;Unlock: Volcano;Permanently unlock every level in Volcano. Play in any order. Levels are not marked as completed.;Открыть мир «Вулкан»;Навсегда откройте все уровни мира «Вулкан». Играйте в любом порядке. Покупка не отмечает уровни как пройденные.;Freischalten: Vulkan;Schalte alle Level der Welt „Vulkan“ dauerhaft frei. Spiele in beliebiger Reihenfolge. Die Level werden nicht als abgeschlossen markiert.;Desbloquear: Volcán;Desbloquea para siempre todos los niveles de Volcán. Juega en cualquier orden. Los niveles no se marcan como completados.;Débloquer : Volcan;Débloquez définitivement tous les niveaux du monde « Volcan ». Jouez dans l’ordre de votre choix. Les niveaux ne sont pas marqués comme terminés.;Desbloquear: Vulcão;Desbloqueie permanentemente todas as fases de Vulcão. Jogue em qualquer ordem. As fases não são marcadas como concluídas.;Dünyayı aç: Yanardağ;Yanardağ dünyasındaki tüm bölümleri kalıcı olarak aç. İstediğin sırayla oyna. Bölümler tamamlanmış sayılmaz.
unlock_world_08;100;Unlock: Acid Swamp;Permanently unlock every level in Acid Swamp. Play in any order. Levels are not marked as completed.;Открыть мир «Кислотное болото»;Навсегда откройте все уровни мира «Кислотное болото». Играйте в любом порядке. Покупка не отмечает уровни как пройденные.;Freischalten: Säuresumpf;Schalte alle Level der Welt „Säuresumpf“ dauerhaft frei. Spiele in beliebiger Reihenfolge. Die Level werden nicht als abgeschlossen markiert.;Desbloquear: Pantano ácido;Desbloquea para siempre todos los niveles de Pantano ácido. Juega en cualquier orden. Los niveles no se marcan como completados.;Débloquer : Marais acide;Débloquez définitivement tous les niveaux du monde « Marais acide ». Jouez dans l’ordre de votre choix. Les niveaux ne sont pas marqués comme terminés.;Desbloquear: Pântano ácido;Desbloqueie permanentemente todas as fases de Pântano ácido. Jogue em qualquer ordem. As fases não são marcadas como concluídas.;Dünyayı aç: Asit Bataklığı;Asit Bataklığı dünyasındaki tüm bölümleri kalıcı olarak aç. İstediğin sırayla oyna. Bölümler tamamlanmış sayılmaz.
unlock_world_09;100;Unlock: Sky Isles;Permanently unlock every level in Sky Isles. Play in any order. Levels are not marked as completed.;Открыть мир «Небесные острова»;Навсегда откройте все уровни мира «Небесные острова». Играйте в любом порядке. Покупка не отмечает уровни как пройденные.;Freischalten: Himmelsinseln;Schalte alle Level der Welt „Himmelsinseln“ dauerhaft frei. Spiele in beliebiger Reihenfolge. Die Level werden nicht als abgeschlossen markiert.;Desbloquear: Islas del cielo;Desbloquea para siempre todos los niveles de Islas del cielo. Juega en cualquier orden. Los niveles no se marcan como completados.;Débloquer : Îles célestes;Débloquez définitivement tous les niveaux du monde « Îles célestes ». Jouez dans l’ordre de votre choix. Les niveaux ne sont pas marqués comme terminés.;Desbloquear: Ilhas do céu;Desbloqueie permanentemente todas as fases de Ilhas do céu. Jogue em qualquer ordem. As fases não são marcadas como concluídas.;Dünyayı aç: Gökyüzü Adaları;Gökyüzü Adaları dünyasındaki tüm bölümleri kalıcı olarak aç. İstediğin sırayla oyna. Bölümler tamamlanmış sayılmaz.
unlock_world_10;100;Unlock: Crystal Caves;Permanently unlock every level in Crystal Caves. Play in any order. Levels are not marked as completed.;Открыть мир «Кристальные пещеры»;Навсегда откройте все уровни мира «Кристальные пещеры». Играйте в любом порядке. Покупка не отмечает уровни как пройденные.;Freischalten: Kristallhöhlen;Schalte alle Level der Welt „Kristallhöhlen“ dauerhaft frei. Spiele in beliebiger Reihenfolge. Die Level werden nicht als abgeschlossen markiert.;Desbloquear: Cuevas de cristal;Desbloquea para siempre todos los niveles de Cuevas de cristal. Juega en cualquier orden. Los niveles no se marcan como completados.;Débloquer : Grottes de cristal;Débloquez définitivement tous les niveaux du monde « Grottes de cristal ». Jouez dans l’ordre de votre choix. Les niveaux ne sont pas marqués comme terminés.;Desbloquear: Cavernas de cristal;Desbloqueie permanentemente todas as fases de Cavernas de cristal. Jogue em qualquer ordem. As fases não são marcadas como concluídas.;Dünyayı aç: Kristal Mağaraları;Kristal Mağaraları dünyasındaki tüm bölümleri kalıcı olarak aç. İstediğin sırayla oyna. Bölümler tamamlanmış sayılmaz.
unlock_world_11;100;Unlock: Nexus;Permanently unlock every level in Nexus. Play in any order. Levels are not marked as completed.;Открыть мир «Нексус»;Навсегда откройте все уровни мира «Нексус». Играйте в любом порядке. Покупка не отмечает уровни как пройденные.;Freischalten: Nexus;Schalte alle Level der Welt „Nexus“ dauerhaft frei. Spiele in beliebiger Reihenfolge. Die Level werden nicht als abgeschlossen markiert.;Desbloquear: Nexo;Desbloquea para siempre todos los niveles de Nexo. Juega en cualquier orden. Los niveles no se marcan como completados.;Débloquer : Nexus;Débloquez définitivement tous les niveaux du monde « Nexus ». Jouez dans l’ordre de votre choix. Les niveaux ne sont pas marqués comme terminés.;Desbloquear: Nexo;Desbloqueie permanentemente todas as fases de Nexo. Jogue em qualquer ordem. As fases não são marcadas como concluídas.;Dünyayı aç: Kavşak;Kavşak dünyasındaki tüm bölümleri kalıcı olarak aç. İstediğin sırayla oyna. Bölümler tamamlanmış sayılmaz.
unlock_all_levels;500;Unlock all levels;Permanently unlock all current and future campaign levels. Play any world in any order. Levels are not marked as completed.;Открыть все уровни;Навсегда откройте все нынешние и будущие уровни кампании. Играйте в любом мире и порядке. Покупка не отмечает уровни как пройденные.;Alle Level freischalten;Schalte alle aktuellen und zukünftigen Kampagnenlevel dauerhaft frei. Spiele jede Welt in beliebiger Reihenfolge. Die Level werden nicht als abgeschlossen markiert.;Desbloquear todos los niveles;Desbloquea para siempre todos los niveles actuales y futuros de la campaña. Juega en cualquier mundo y orden. Los niveles no se marcan como completados.;Débloquer tous les niveaux;Débloquez définitivement tous les niveaux actuels et futurs de la campagne. Jouez dans l’ordre de votre choix, dans tous les mondes. Les niveaux ne sont pas marqués comme terminés.;Desbloquear todas as fases;Desbloqueie permanentemente todas as fases atuais e futuras da campanha. Jogue em qualquer mundo e ordem. As fases não são marcadas como concluídas.;Tüm bölümleri aç;Şimdiki ve gelecekteki tüm ana oyun bölümlerini kalıcı olarak aç. Her dünyayı istediğin sırayla oyna. Bölümler tamamlanmış sayılmaz.
disable_ads;200;Disable Ads;Permanently remove banner ads and ads before Undo and Restart.;Отключить рекламу;Навсегда отключает баннеры и рекламу перед отменой хода и перезапуском уровня.;Werbung entfernen;Entfernt dauerhaft Bannerwerbung und Werbung vor dem Rückgängigmachen und Neustarten.;Eliminar anuncios;Elimina para siempre los anuncios de banner y los anuncios antes de deshacer y reiniciar.;Supprimer les publicités;Supprime définitivement les bannières et les publicités avant Annuler et Recommencer.;Remover anúncios;Remove permanentemente os banners e os anúncios antes de desfazer e reiniciar.;Reklamları kaldır;Banner reklamlarını ve geri alma ile yeniden başlatma öncesindeki reklamları kalıcı olarak kaldırır.
